poi,month,year,userdays,daysinmonth
1,1,2018,17889661.571065,31
2,1,2018,665068.701656,31
3,1,2018,5219009.596527,31
4,1,2018,148511.528522,31
5,1,2018,1523122.789616,31
6,1,2018,268961.687652,31
7,1,2018,1770044.389982,31
8,1,2018,2248073.192639,31
9,1,2018,146828.960275,31
10,1,2018,82771.458039,31
11,1,2018,19926.685592,28
12,1,2018,682163.65475,31
13,1,2018,91483.188952,31
14,1,2018,179386.932552,31
15,1,2018,71259.66118,31
16,1,2018,146384.971366,31
17,1,2018,133249.890467,31
18,1,2018,317654.29445,31
19,1,2018,157299.402891,31
20,1,2018,1112198.691152,31
21,1,2018,20346.255799,28
22,1,2018,30719.23721,31
23,1,2018,137381.092558,31
24,1,2018,314630.952721,31
25,1,2018,2966938.035408,31
26,1,2018,1679357.901672,31
27,1,2018,600621.137916,31
28,1,2018,25078.549685,28
29,1,2018,97610.952726,31
30,1,2018,1004946.216929,31
31,1,2018,129620.326659,31
32,1,2018,14466.34398,29
33,1,2018,156359.433374,31
34,1,2018,511210.981136,31
35,1,2018,139927.837507,31
36,1,2018,43888.084551,31
37,1,2018,949306.813449,31
38,1,2018,29285.084401,27
39,1,2018,187528.723,31
40,1,2018,1075055.499082,31
41,1,2018,1573697.0469830001,31
42,1,2018,723119.0578600001,31
43,1,2018,2408995.657345,31
44,1,2018,1028647.390441,31
45,1,2018,21424.745915,30
46,1,2018,58714.760316,31
47,1,2018,76976.792474,31
49,1,2018,59790.460439,31
50,1,2018,72611.099228,31
51,1,2018,14371.199999999999,25
52,1,2018,2860.565278,7
54,1,2018,92045.126455,31
55,1,2018,3721.163935,13
56,1,2018,860.500001,4
58,1,2018,120.552632,1
59,1,2018,1910.508064,7
60,1,2018,1132.6082099999999,5
62,1,2018,187.652174,1
64,1,2018,3675.170702,15
65,1,2018,1204.028226,3
66,1,2018,263.935484,1
67,1,2018,848.080745,4
68,1,2018,7131.125532,24
69,1,2018,390177.756245,31
70,1,2018,17549.351356,25
71,1,2018,101438.879799,31
72,1,2018,12346.178652,30
73,1,2018,1289500.40157,31
74,1,2018,1515.870922,10
75,1,2018,18941.809559,30
76,1,2018,20040.166822,29
78,1,2018,29674.807249,30
79,1,2018,212826.006048,31
80,1,2018,15776.918757,29
81,1,2018,394084.364875,31
82,1,2018,32957.591852,31
83,1,2018,28862.18406,31
84,1,2018,27014.249601,30
85,1,2018,249627.649527,31
86,1,2018,104073.458204,31
87,1,2018,21606.648844,30
88,1,2018,2845.616989,14
89,1,2018,3415.630369,18
90,1,2018,3752333.582169,31
91,1,2018,5541.2432929999995,17
92,1,2018,109036.785322,31
93,1,2018,3146.976783,16
94,1,2018,35493.742406,31
95,1,2018,55666.696176,31
96,1,2018,28571.985698,29
97,1,2018,637086.208754,31
1,2,2018,17508308.772024002,28
2,2,2018,765879.830484,28
3,2,2018,5467237.282518,28
4,2,2018,177557.904392,28
5,2,2018,1711251.493001,28
6,2,2018,292317.409433,28
7,2,2018,2122869.92526,28
8,2,2018,2447742.929948,28
9,2,2018,153440.124594,28
10,2,2018,79493.121924,28
11,2,2018,31582.632334,28
12,2,2018,765252.411139,28
13,2,2018,111450.182555,28
14,2,2018,235607.062716,28
15,2,2018,92454.445752,28
16,2,2018,221735.409385,28
17,2,2018,157135.435144,28
18,2,2018,276830.417221,28
19,2,2018,169297.364724,28
20,2,2018,1076782.552878,28
21,2,2018,23566.166567,27
22,2,2018,32693.470357,28
23,2,2018,124959.93385,28
24,2,2018,370167.3432,28
25,2,2018,3578687.310174,28
26,2,2018,1759409.088878,28
27,2,2018,660228.130901,28
28,2,2018,35151.890017,28
29,2,2018,116523.389112,28
30,2,2018,909993.342817,28
31,2,2018,170039.20051,28
32,2,2018,15534.906318,26
33,2,2018,201120.637627,28
34,2,2018,511502.574659,28
35,2,2018,177609.92191900001,28
36,2,2018,65848.334206,28
37,2,2018,1089419.991048,28
38,2,2018,36711.396519,28
39,2,2018,238082.902697,28
40,2,2018,1057082.752418,28
41,2,2018,1785207.940924,28
42,2,2018,792876.035591,28
43,2,2018,2542262.384134,28
44,2,2018,1153007.840935,28
45,2,2018,16347.839189,26
46,2,2018,143185.612432,28
47,2,2018,110954.31052,28
49,2,2018,100935.860584,28
50,2,2018,79271.985216,28
51,2,2018,11742.112791,25
52,2,2018,2790.342765,9
53,2,2018,630.31579,2
54,2,2018,79853.48542900001,28
55,2,2018,6788.464335,17
56,2,2018,447.324658,3
59,2,2018,1084.728648,6
60,2,2018,1322.761382,4
62,2,2018,246.724138,1
64,2,2018,3020.674445,15
65,2,2018,78.538462,1
66,2,2018,4.305389,1
67,2,2018,240.862987,1
68,2,2018,25251.589582,28
69,2,2018,512535.67602,28
70,2,2018,21315.164506,24
71,2,2018,88725.08974,28
72,2,2018,12922.225212,27
73,2,2018,1213513.816383,28
74,2,2018,1678.7048360000001,9
75,2,2018,30021.36006,28
76,2,2018,23229.674916,28
78,2,2018,28387.153451,28
79,2,2018,226589.92423,28
80,2,2018,24520.243817,27
81,2,2018,516868.977412,28
82,2,2018,92214.916512,28
83,2,2018,61761.828723,28
84,2,2018,50404.823729,28
85,2,2018,448912.679316,28
86,2,2018,147728.281744,28
87,2,2018,23346.806571,28
88,2,2018,2568.04271,13
89,2,2018,5716.602763,22
90,2,2018,3930018.165658,28
91,2,2018,15118.497856,26
92,2,2018,159380.470263,28
93,2,2018,3225.5259810000002,16
94,2,2018,41712.375859,28
95,2,2018,63435.77541,28
96,2,2018,59612.23544,27
97,2,2018,699713.271815,28
1,3,2018,18325707.217978,31
2,3,2018,1242892.21101,31
3,3,2018,6055612.355162,31
4,3,2018,355028.675193,31
5,3,2018,2121617.438233,31
6,3,2018,593046.631834,31
7,3,2018,3480523.822633,31
8,3,2018,3029978.138921,31
9,3,2018,366875.090754,31
10,3,2018,157693.913756,31
11,3,2018,88282.382263,31
12,3,2018,885451.88486,31
13,3,2018,264667.985996,31
14,3,2018,269040.857583,31
15,3,2018,129425.673904,31
16,3,2018,359626.140663,31
17,3,2018,195665.395937,30
18,3,2018,355442.873682,31
19,3,2018,156129.482304,31
20,3,2018,1289000.279869,31
21,3,2018,74676.717077,31
22,3,2018,122280.493095,31
23,3,2018,163563.45291,31
24,3,2018,313968.514204,31
25,3,2018,3558790.65984,31
26,3,2018,1886848.554276,31
27,3,2018,942445.187009,31
28,3,2018,127049.060029,31
29,3,2018,182607.746892,31
30,3,2018,1279650.043502,31
31,3,2018,299931.138053,31
32,3,2018,27481.478221,30
33,3,2018,266035.063359,31
34,3,2018,669577.920969,31
35,3,2018,227451.432304,31
36,3,2018,121789.657007,31
37,3,2018,1481577.133105,31
38,3,2018,61797.154229,31
39,3,2018,238886.326653,31
40,3,2018,1267919.00031,31
41,3,2018,1717940.969361,31
42,3,2018,797664.428161,31
43,3,2018,2740245.553954,31
44,3,2018,1094570.463075,31
45,3,2018,54723.27759,31
46,3,2018,133025.45472,31
47,3,2018,169981.506111,31
49,3,2018,181803.59067,31
50,3,2018,90695.50542,31
51,3,2018,16204.266667,31
52,3,2018,3608.149018,14
53,3,2018,1247.5,5
54,3,2018,88679.078494,31
55,3,2018,1351.360682,8
59,3,2018,254.36309599999998,2
60,3,2018,1294.316594,6
63,3,2018,202,1
64,3,2018,1865.135104,7
65,3,2018,98.017544,1
66,3,2018,140.666667,1
67,3,2018,98.017544,1
68,3,2018,5479.336541,23
69,3,2018,562084.84164,31
70,3,2018,25137.809278,27
71,3,2018,117914.358578,31
72,3,2018,14186.195403,31
73,3,2018,2122922.54739,31
74,3,2018,9309.448302,22
75,3,2018,22341.055699,31
76,3,2018,27452.762148,31
78,3,2018,34069.791407,31
79,3,2018,260341.519692,31
80,3,2018,18015.76909,30
81,3,2018,583927.300954,31
82,3,2018,60838.045215,31
83,3,2018,35215.985183,31
84,3,2018,52984.049133,31
85,3,2018,333799.120523,31
86,3,2018,144583.433613,31
87,3,2018,32717.944628,31
88,3,2018,3255.054755,18
89,3,2018,3269.100664,20
90,3,2018,4538031.751965,31
91,3,2018,11346.561224,27
92,3,2018,195553.038974,31
93,3,2018,5585.80488,22
94,3,2018,48532.259593,31
95,3,2018,65145.320311,31
96,3,2018,58336.215383,31
97,3,2018,909261.06805,31
1,4,2018,15170168.441331,30
2,4,2018,904662.146596,30
3,4,2018,4056878.305135,30
4,4,2018,285482.968821,30
5,4,2018,1482523.944103,30
6,4,2018,416138.588032,30
7,4,2018,2681722.316411,30
8,4,2018,2050134.72032,30
9,4,2018,338754.976745,30
10,4,2018,112516.492265,30
11,4,2018,72422.20864,30
12,4,2018,744729.570844,30
13,4,2018,221281.986617,30
14,4,2018,285434.867628,30
15,4,2018,98730.170659,30
16,4,2018,329302.19945,30
17,4,2018,181585.84232,30
18,4,2018,289635.259012,30
19,4,2018,134947.180302,30
20,4,2018,1054410.328309,30
21,4,2018,60362.317279,30
22,4,2018,142664.861017,30
23,4,2018,163389.750889,30
24,4,2018,140913.981566,30
25,4,2018,2472952.602575,30
26,4,2018,1392943.369002,30
27,4,2018,707904.010152,30
28,4,2018,182187.094213,30
29,4,2018,164317.726391,30
30,4,2018,928931.059232,30
31,4,2018,402956.022106,30
32,4,2018,28507.610628000002,29
33,4,2018,160414.995249,30
34,4,2018,460626.243623,30
35,4,2018,290424.273171,30
36,4,2018,118922.547061,30
37,4,2018,876410.336408,30
38,4,2018,89987.118,30
39,4,2018,223082.56807500002,30
40,4,2018,1006430.970629,30
41,4,2018,1328179.929509,30
42,4,2018,583907.566625,30
43,4,2018,1900440.786003,30
44,4,2018,811263.183094,30
45,4,2018,45399.871619,30
46,4,2018,87551.531996,30
47,4,2018,92559.04902,30
49,4,2018,162570.482017,30
50,4,2018,76476.053411,30
51,4,2018,9277.333340000001,30
52,4,2018,3636.622147,16
53,4,2018,1406.023694,7
54,4,2018,82191.738678,30
55,4,2018,1559.483411,8
58,4,2018,392.054796,4
59,4,2018,1820.7681750000002,6
60,4,2018,753.033977,6
62,4,2018,943.8025289999999,5
64,4,2018,2188.185403,8
65,4,2018,2372.278361,10
66,4,2018,254.731618,1
67,4,2018,678.8765980000001,5
68,4,2018,9461.355428,30
69,4,2018,388927.515693,30
70,4,2018,24200.819495,29
71,4,2018,100168.937451,30
72,4,2018,12633.792439,30
73,4,2018,1368770.189238,30
74,4,2018,4114.786883,23
75,4,2018,19691.566954,30
76,4,2018,23432.525702,30
78,4,2018,20354.199375,30
79,4,2018,129168.417463,30
80,4,2018,16238.685128000001,30
81,4,2018,400985.008577,30
82,4,2018,55612.587496,30
83,4,2018,33391.872249,30
84,4,2018,34478.949851,30
85,4,2018,273848.883644,30
86,4,2018,138782.21675,30
87,4,2018,27987.313445,30
88,4,2018,4263.892936,28
89,4,2018,3787.493192,25
90,4,2018,3268535.020308,30
91,4,2018,20024.161236,29
92,4,2018,116081.228129,30
93,4,2018,3656.350233,23
94,4,2018,28088.062955,30
95,4,2018,50265.158247,30
96,4,2018,50375.40169,30
97,4,2018,599950.111668,30
1,5,2018,15849441.032303,31
2,5,2018,990832.714101,31
3,5,2018,5163706.725758,31
4,5,2018,317988.019698,31
5,5,2018,1495983.87879,31
6,5,2018,478050.685967,31
7,5,2018,3071120.588235,31
8,5,2018,2336829.219401,31
9,5,2018,313548.724523,31
10,5,2018,214299.226321,31
11,5,2018,92147.066906,31
12,5,2018,818558.634725,31
13,5,2018,257327.273632,31
14,5,2018,427293.437969,31
15,5,2018,109661.78546,31
16,5,2018,410306.232194,31
17,5,2018,235757.510583,31
18,5,2018,427411.214149,31
19,5,2018,451739.54182600003,31
20,5,2018,1001360.501199,31
21,5,2018,70665.030301,31
22,5,2018,92679.983066,31
23,5,2018,274503.020886,31
24,5,2018,363327.137701,31
25,5,2018,3083086.086266,31
26,5,2018,1528265.420841,31
27,5,2018,749796.468613,31
28,5,2018,105597.833908,31
29,5,2018,278474.543172,31
30,5,2018,1096840.294834,31
31,5,2018,256244.273577,31
32,5,2018,82509.108894,31
33,5,2018,141203.050593,31
34,5,2018,501550.2193,31
35,5,2018,443866.976615,31
36,5,2018,163500.72625,31
37,5,2018,988112.164271,31
38,5,2018,172783.311247,31
39,5,2018,242183.145171,31
40,5,2018,1157323.842316,31
41,5,2018,1800658.329247,31
42,5,2018,808358.917295,31
43,5,2018,1892561.371233,31
44,5,2018,889978.207388,31
45,5,2018,134070.829547,31
46,5,2018,103705.7963,31
47,5,2018,88710.151535,31
49,5,2018,230355.32856999998,31
50,5,2018,175811.940076,31
51,5,2018,10953.288743000001,31
52,5,2018,3558.904392,19
53,5,2018,2622.968113,18
54,5,2018,74628.346052,31
55,5,2018,6209.790405,25
56,5,2018,11000.848734,22
57,5,2018,2847.755939,14
58,5,2018,1073.053858,10
59,5,2018,15918.424448,31
60,5,2018,82.278351,1
61,5,2018,3912.770927,17
62,5,2018,3497.619043,26
63,5,2018,1679.355464,6
64,5,2018,10749.093968,29
65,5,2018,15608.615247,31
66,5,2018,11030.181034,30
67,5,2018,10497.872853,29
68,5,2018,27971.438686,31
69,5,2018,461478.326175,31
70,5,2018,43307.537897,31
71,5,2018,167376.824142,31
72,5,2018,22587.538859,31
73,5,2018,1647337.24576,31
74,5,2018,5909.553211,30
75,5,2018,31725.141084,31
76,5,2018,28984.763299,31
77,5,2018,258.58209,3
78,5,2018,27089.433526,31
79,5,2018,153971.508594,31
80,5,2018,25690.234248,31
81,5,2018,402617.545519,31
82,5,2018,95630.513973,31
83,5,2018,61560.694616,31
84,5,2018,42588.903877,31
85,5,2018,573046.708139,31
86,5,2018,139572.938695,31
87,5,2018,24152.374135,31
88,5,2018,3341.375007,26
89,5,2018,4890.99312,30
90,5,2018,3587264.596063,31
91,5,2018,26622.433957,31
92,5,2018,149389.193663,31
93,5,2018,4139.623636,26
94,5,2018,40927.704327,31
95,5,2018,65364.309681,31
96,5,2018,91014.527248,31
97,5,2018,734110.659992,31
1,6,2018,15628117.535549,30
2,6,2018,1378604.261239,30
3,6,2018,4909637.50093,30
4,6,2018,311967.524118,30
5,6,2018,1552889.129848,30
6,6,2018,541503.568369,30
7,6,2018,3913396.793553,30
8,6,2018,2123044.823318,30
9,6,2018,319356.133904,30
10,6,2018,424038.178217,30
11,6,2018,85061.571862,30
12,6,2018,878597.109978,30
13,6,2018,299932.082521,30
14,6,2018,502458.587143,30
15,6,2018,143639.064839,30
16,6,2018,524074.230393,30
17,6,2018,289063.950193,30
18,6,2018,616380.554961,30
19,6,2018,939801.949033,30
20,6,2018,1180707.269431,30
21,6,2018,67615.461933,30
22,6,2018,96417.127292,30
23,6,2018,459171.561262,30
24,6,2018,731614.752523,30
25,6,2018,2522213.807132,30
26,6,2018,1620889.509078,30
27,6,2018,845508.259843,30
28,6,2018,96237.795446,30
29,6,2018,228312.993888,30
30,6,2018,1186186.191591,30
31,6,2018,214479.819558,30
32,6,2018,249710.06683,30
33,6,2018,107768.318844,30
34,6,2018,533627.710683,30
35,6,2018,654073.820867,30
36,6,2018,193132.98970099998,30
37,6,2018,756665.559245,30
38,6,2018,281326.7801,30
39,6,2018,238130.122101,30
40,6,2018,1202576.56173,30
41,6,2018,1765356.658525,30
42,6,2018,825915.994918,30
43,6,2018,2042737.736732,30
44,6,2018,982704.75729,30
45,6,2018,318369.306534,30
46,6,2018,114938.06877,30
47,6,2018,68259.013902,30
49,6,2018,208306.680379,30
50,6,2018,287898.182533,30
51,6,2018,7586.511533,23
52,6,2018,3907.2088009999998,16
53,6,2018,1544.188569,8
54,6,2018,76207.21393,30
55,6,2018,11991.77238,29
56,6,2018,22968.487216,30
57,6,2018,11376.838713000001,28
58,6,2018,664.07074,7
59,6,2018,32437.708178,30
60,6,2018,263.875917,3
61,6,2018,12136.760993,28
62,6,2018,5955.909997,23
63,6,2018,13074.832969,28
64,6,2018,22028.321398,30
65,6,2018,33785.617837,30
66,6,2018,19728.878584000002,30
67,6,2018,22343.307031,30
68,6,2018,13556.867891,30
69,6,2018,427864.453663,30
70,6,2018,56439.271989,30
71,6,2018,159672.191158,30
72,6,2018,9603.836366,30
73,6,2018,908069.752384,30
74,6,2018,8643.742484,29
75,6,2018,26574.632791,30
76,6,2018,30106.998589,30
78,6,2018,38838.881159,30
79,6,2018,146123.971246,30
80,6,2018,17275.357645,30
81,6,2018,396930.972781,30
82,6,2018,48391.258524,30
83,6,2018,30055.831814,30
84,6,2018,55898.719325,30
85,6,2018,390610.332637,30
86,6,2018,117113.111399,30
87,6,2018,26298.894878,30
88,6,2018,4256.997372,28
89,6,2018,1999.316232,17
90,6,2018,3505024.389151,30
91,6,2018,10573.802508,30
92,6,2018,111821.753985,30
93,6,2018,3802.032811,22
94,6,2018,41423.117888,30
95,6,2018,71003.528997,30
96,6,2018,48180.309023,30
97,6,2018,468386.156823,30
1,7,2018,15679438.625571,31
2,7,2018,1568935.206147,31
3,7,2018,4901516.708847,31
4,7,2018,375168.926863,31
5,7,2018,1633208.524597,31
6,7,2018,496920.666472,31
7,7,2018,4478680.653298,31
8,7,2018,2286309.35883,31
9,7,2018,346319.39411,31
10,7,2018,549843.840829,31
11,7,2018,71895.003902,31
12,7,2018,843281.41747,31
13,7,2018,251628.144826,31
14,7,2018,417077.627532,31
15,7,2018,146307.014608,31
16,7,2018,480707.306255,31
17,7,2018,288629.42294,31
18,7,2018,1003205.2259450001,31
19,7,2018,1052340.759926,31
20,7,2018,1401605.373726,31
21,7,2018,62551.485866,31
22,7,2018,89754.093566,31
23,7,2018,598641.893787,31
24,7,2018,910441.339569,31
25,7,2018,2448152.529221,31
26,7,2018,1767948.745182,31
27,7,2018,848162.181434,31
28,7,2018,84936.694582,31
29,7,2018,303790.742814,31
30,7,2018,1153545.628725,31
31,7,2018,232455.986937,31
32,7,2018,385300.389738,31
33,7,2018,90946.332386,31
34,7,2018,538491.279548,31
35,7,2018,753239.598969,31
36,7,2018,171877.910188,31
37,7,2018,934523.657396,31
38,7,2018,397405.207204,31
39,7,2018,249366.617124,31
40,7,2018,1130649.553134,31
41,7,2018,1942042.481292,31
42,7,2018,906968.7821899999,31
43,7,2018,1712588.994333,31
44,7,2018,1214946.730747,31
45,7,2018,411529.371524,31
46,7,2018,122800.437871,31
47,7,2018,71349.713589,31
49,7,2018,189776.251228,31
50,7,2018,492683.381998,31
51,7,2018,3605.427376,19
52,7,2018,2492.44834,14
53,7,2018,1664.186075,10
54,7,2018,79836.17539,31
55,7,2018,15118.589194,30
56,7,2018,27390.163646,31
57,7,2018,14648.252944,31
58,7,2018,2200.86684,18
59,7,2018,36133.635818,31
60,7,2018,4166.261305,17
61,7,2018,15047.783226,31
62,7,2018,5519.504489,25
63,7,2018,17922.879243,31
64,7,2018,24970.860446,31
65,7,2018,36436.613116,31
66,7,2018,21385.803826,31
67,7,2018,26499.047956,31
68,7,2018,16853.11586,31
69,7,2018,429769.084453,31
70,7,2018,63519.556952,31
71,7,2018,171221.596186,31
72,7,2018,10512.849471,31
73,7,2018,869408.355079,31
74,7,2018,13730.133278,31
75,7,2018,26417.80879,31
76,7,2018,30891.987457,31
78,7,2018,62823.765452,31
79,7,2018,150289.353762,31
80,7,2018,21840.704451999998,31
81,7,2018,415518.585111,31
82,7,2018,52431.207398,31
83,7,2018,47968.477656,31
84,7,2018,66580.321196,31
85,7,2018,460321.112057,31
86,7,2018,137079.522743,31
87,7,2018,24598.086024,31
88,7,2018,4266.447569,29
89,7,2018,2813.536094,25
90,7,2018,3647186.782642,31
91,7,2018,13780.735296,31
92,7,2018,135581.584734,31
93,7,2018,4950.157906,23
94,7,2018,58738.46445,31
95,7,2018,68252.45757500001,31
96,7,2018,45931.804458,31
97,7,2018,449914.016325,31
1,8,2018,17008630.821988,31
2,8,2018,1383419.779364,31
3,8,2018,5633351.63237,31
4,8,2018,321439.038578,31
5,8,2018,1524215.63183,31
6,8,2018,421688.85756,31
7,8,2018,3630944.95207,31
8,8,2018,3008623.922561,31
9,8,2018,313542.47228600003,31
10,8,2018,513707.139206,31
11,8,2018,56385.894307999995,31
12,8,2018,836974.53549,31
13,8,2018,250702.373237,31
14,8,2018,241175.486004,31
15,8,2018,121193.102856,31
16,8,2018,469984.835239,31
17,8,2018,252570.3129,31
18,8,2018,1138635.666542,31
19,8,2018,910774.60857,31
20,8,2018,1214460.933951,31
21,8,2018,52419.871400000004,31
22,8,2018,74982.53906,31
23,8,2018,648930.037718,31
24,8,2018,835473.062882,31
25,8,2018,3630204.408645,31
26,8,2018,2072813.916057,31
27,8,2018,974289.467678,31
28,8,2018,72488.23411,31
29,8,2018,304100.048419,31
30,8,2018,1251386.290303,31
31,8,2018,240914.874261,31
32,8,2018,299454.826853,31
33,8,2018,122386.14383,31
34,8,2018,659735.661342,31
35,8,2018,816235.071393,31
36,8,2018,148016.666431,31
37,8,2018,1328467.603382,31
38,8,2018,466214.27491,31
39,8,2018,257351.370583,31
40,8,2018,1345380.737369,31
41,8,2018,2401541.744104,31
42,8,2018,1054801.779273,31
43,8,2018,1814834.778649,31
44,8,2018,1237331.453937,31
45,8,2018,367497.642732,31
46,8,2018,155796.76211,31
47,8,2018,79160.836874,31
49,8,2018,174297.195093,31
50,8,2018,435941.721791,31
51,8,2018,4053.970109,17
52,8,2018,5863.796654,25
53,8,2018,1993.087579,12
54,8,2018,90470.493876,31
55,8,2018,9260.475654,30
56,8,2018,24210.268627,31
57,8,2018,11368.083411,29
58,8,2018,1116.808093,10
59,8,2018,30667.075642,31
60,8,2018,7577.987421,22
61,8,2018,12054.937452,28
62,8,2018,5378.862675,22
63,8,2018,12044.852075,29
64,8,2018,24641.75531,31
65,8,2018,29291.059774,31
66,8,2018,17775.455837,31
67,8,2018,21306.830566,31
68,8,2018,38268.088518000004,31
69,8,2018,501214.076499,31
70,8,2018,81645.364119,31
71,8,2018,203120.544104,31
72,8,2018,19890.777144,31
73,8,2018,1174416.820867,31
74,8,2018,11149.699204,31
75,8,2018,38057.133162,31
76,8,2018,40153.002374,31
78,8,2018,62314.605996,31
79,8,2018,165005.065928,31
80,8,2018,36011.009808,31
81,8,2018,537988.091334,31
82,8,2018,124365.876122,31
83,8,2018,80480.218729,31
84,8,2018,77401.628597,31
85,8,2018,864255.787878,31
86,8,2018,132035.686572,31
87,8,2018,30379.11997,31
88,8,2018,7161.377067,30
89,8,2018,5088.163732,29
90,8,2018,4712773.612209,31
91,8,2018,37127.083428,31
92,8,2018,127184.79874,31
93,8,2018,5928.511356,28
94,8,2018,84178.556395,31
95,8,2018,85300.918149,31
96,8,2018,46462.412555,31
97,8,2018,612857.306045,31
1,9,2018,16928663.91884,30
2,9,2018,1598557.92578,30
3,9,2018,5361954.86601,30
4,9,2018,282428.301301,30
5,9,2018,1820647.979323,30
6,9,2018,420203.929341,30
7,9,2018,2690901.228656,30
8,9,2018,3385885.618311,30
9,9,2018,286557.216892,30
10,9,2018,513565.225462,30
11,9,2018,73729.485159,30
12,9,2018,900567.589698,30
13,9,2018,247260.454774,30
14,9,2018,394012.74622000003,30
15,9,2018,89313.470154,30
16,9,2018,489517.474625,30
17,9,2018,146876.471917,30
18,9,2018,607687.399214,30
19,9,2018,689289.733182,30
20,9,2018,913884.42599,30
21,9,2018,48686.04713,30
22,9,2018,64509.023275,30
23,9,2018,549752.093515,30
24,9,2018,641204.861173,30
25,9,2018,4306239.888332,30
26,9,2018,2594651.694028,30
27,9,2018,1206485.970546,30
28,9,2018,55794.472689,30
29,9,2018,284787.636812,30
30,9,2018,1484672.222968,30
31,9,2018,200628.620045,30
32,9,2018,181696.012632,30
33,9,2018,179435.712828,30
34,9,2018,952962.702559,30
35,9,2018,347956.473232,30
36,9,2018,176502.767311,30
37,9,2018,1479472.980221,30
38,9,2018,165824.44289900002,30
39,9,2018,219290.100448,30
40,9,2018,1840914.472971,30
41,9,2018,2528842.060848,30
42,9,2018,1375296.951315,30
43,9,2018,1514318.517631,30
44,9,2018,1567843.82916,30
45,9,2018,203824.809867,30
46,9,2018,148032.933103,30
47,9,2018,168400.5845,30
49,9,2018,218196.748239,30
50,9,2018,335580.506307,30
51,9,2018,8055.332176,30
52,9,2018,9201.198415,30
53,9,2018,2846.898489,18
54,9,2018,86300.207627,30
55,9,2018,10176.645648,30
56,9,2018,22162.084572,30
57,9,2018,7554.717212,28
58,9,2018,908.996238,11
59,9,2018,27119.415914,30
60,9,2018,3657.880516,21
61,9,2018,6643.400019,29
62,9,2018,5455.454546,29
63,9,2018,9284.682449,30
64,9,2018,13563.2971,30
65,9,2018,18631.217116,30
66,9,2018,13133.197359,30
67,9,2018,16702.935919,30
68,9,2018,33544.393683,30
69,9,2018,437544.138774,30
70,9,2018,76371.369746,30
71,9,2018,267346.230687,30
72,9,2018,17863.730023,30
73,9,2018,1754775.761525,30
74,9,2018,16476.623388,30
75,9,2018,34145.700945,30
76,9,2018,61704.388101,30
78,9,2018,84596.220673,30
79,9,2018,196828.74619,30
80,9,2018,32561.289331,30
81,9,2018,631447.817226,30
82,9,2018,453613.523577,30
83,9,2018,47655.875875,30
84,9,2018,93321.26620700001,30
85,9,2018,712307.3981539999,30
86,9,2018,186002.99042,30
87,9,2018,39799.065714,30
88,9,2018,4235.775985,28
89,9,2018,4274.502362,28
90,9,2018,5565219.729001,30
91,9,2018,40636.171618,30
92,9,2018,81614.355456,30
93,9,2018,9891.793107,30
94,9,2018,61951.007867,30
95,9,2018,104368.424068,30
96,9,2018,73297.162323,30
97,9,2018,954805.183598,30
1,10,2018,16373565.89345,31
2,10,2018,2012173.545353,31
3,10,2018,5031612.493353,31
4,10,2018,336305.695521,31
5,10,2018,1876946.576634,31
6,10,2018,391225.675744,31
7,10,2018,2583023.852887,31
8,10,2018,3445425.54511,31
9,10,2018,342296.63065300003,31
10,10,2018,268084.420388,31
11,10,2018,97858.506762,31
12,10,2018,887990.006709,31
13,10,2018,212818.346035,31
14,10,2018,327429.604009,31
15,10,2018,96859.414046,31
16,10,2018,366004.005215,31
17,10,2018,162589.60351,31
18,10,2018,444045.22074900003,31
19,10,2018,319149.84309,31
20,10,2018,862497.170975,31
21,10,2018,71264.363935,31
22,10,2018,100382.35183,31
23,10,2018,461318.077293,31
24,10,2018,304949.310713,31
25,10,2018,4195166.459564,31
26,10,2018,2439653.058613,31
27,10,2018,1276680.514976,31
28,10,2018,95180.398553,31
29,10,2018,219190.953166,31
30,10,2018,1363359.058184,31
31,10,2018,264477.035696,31
32,10,2018,69787.40931,31
33,10,2018,200033.51635,31
34,10,2018,1041713.119686,31
35,10,2018,324346.254026,31
36,10,2018,129858.180728,31
37,10,2018,1542224.760434,31
38,10,2018,97111.368555,31
39,10,2018,184062.604434,31
40,10,2018,1867026.169718,31
41,10,2018,2359079.179437,31
42,10,2018,1249471.523456,31
43,10,2018,1380137.487256,31
44,10,2018,1417032.912196,31
45,10,2018,88274.919422,31
46,10,2018,107752.907784,31
47,10,2018,180488.458664,31
49,10,2018,198749.383747,31
50,10,2018,245085.953227,31
51,10,2018,9190.006,31
52,10,2018,12541.503521999999,31
53,10,2018,2781.5432889999997,19
54,10,2018,85979.90707,31
55,10,2018,3922.913086,24
56,10,2018,8999.104248,27
57,10,2018,1900.811886,17
58,10,2018,194.52344599999998,2
59,10,2018,7836.492249,27
60,10,2018,1631.038115,16
61,10,2018,3032.126824,21
62,10,2018,1153.966885,14
63,10,2018,1991.105733,18
64,10,2018,5473.449958,28
65,10,2018,6353.107995,29
66,10,2018,4110.582923,22
67,10,2018,4160.518597,25
68,10,2018,32465.353346,31
69,10,2018,435766.717494,31
70,10,2018,41402.408982,31
71,10,2018,257320.99607,31
72,10,2018,15388.550005,31
73,10,2018,2131594.043511,31
74,10,2018,11482.000091,31
75,10,2018,30258.781845,31
76,10,2018,49368.710673,31
77,10,2018,67.384615,1
78,10,2018,73337.920257,31
79,10,2018,223406.889752,31
80,10,2018,33868.921542000004,31
81,10,2018,648726.206562,31
82,10,2018,133526.40474,31
83,10,2018,38189.655968,31
84,10,2018,65012.874413,31
85,10,2018,580091.914661,31
86,10,2018,162932.49415399999,31
87,10,2018,40408.419808,31
88,10,2018,3405.628723,27
89,10,2018,4240.612166,29
90,10,2018,4956527.303328,31
91,10,2018,40241.335976,31
92,10,2018,85723.093617,31
93,10,2018,8909.810226,31
94,10,2018,47308.751504,31
95,10,2018,109769.069044,31
96,10,2018,73710.33450900001,31
97,10,2018,1086282.823859,31
1,11,2018,14109679.008445,30
2,11,2018,1777328.681474,30
3,11,2018,5442908.550393,30
4,11,2018,228528.002887,30
5,11,2018,1682422.353888,30
6,11,2018,320866.236378,30
7,11,2018,1982493.366068,30
8,11,2018,3007110.9410800003,30
9,11,2018,233662.992369,30
10,11,2018,140325.573143,30
11,11,2018,65039.338875,30
12,11,2018,782299.1281109999,30
13,11,2018,151253.664563,30
14,11,2018,257893.666804,30
15,11,2018,74897.230937,30
16,11,2018,242169.62329,30
17,11,2018,127620.747603,30
18,11,2018,305644.433673,30
19,11,2018,91460.250696,30
20,11,2018,732697.687785,30
21,11,2018,46933.32448,30
22,11,2018,63693.617892,30
23,11,2018,251810.435012,30
24,11,2018,155989.753846,30
25,11,2018,3949355.664162,30
26,11,2018,2255010.924177,30
27,11,2018,1100709.702969,30
28,11,2018,64867.924495,30
29,11,2018,163281.623697,30
30,11,2018,1141612.629183,30
31,11,2018,180488.119164,30
32,11,2018,28089.476287,30
33,11,2018,203716.856796,30
34,11,2018,975051.113659,30
35,11,2018,228692.446525,30
36,11,2018,79082.93906,30
37,11,2018,1339735.321798,30
38,11,2018,52189.339874,30
39,11,2018,167177.747462,30
40,11,2018,1699910.93742,30
41,11,2018,2006661.51485,30
42,11,2018,1135910.323996,30
43,11,2018,1401939.738346,30
44,11,2018,1198709.579798,30
45,11,2018,34801.990509,30
46,11,2018,113462.097685,30
47,11,2018,138583.950859,30
49,11,2018,139560.276789,30
50,11,2018,135266.746351,30
51,11,2018,6685.1184029999995,30
52,11,2018,9420.185468,30
53,11,2018,2808.511113,15
54,11,2018,78631.641595,30
55,11,2018,122.167066,2
56,11,2018,33.190476,1
57,11,2018,206.289135,2
58,11,2018,86.644444,1
59,11,2018,160.4,1
60,11,2018,1713.4428560000001,13
61,11,2018,30.270642,1
64,11,2018,182.983527,2
65,11,2018,262.667532,2
66,11,2018,575.307629,3
68,11,2018,33004.852378,30
69,11,2018,470886.015809,30
70,11,2018,40327.87086,30
71,11,2018,175303.076646,30
72,11,2018,18730.410158,30
73,11,2018,1749985.693028,30
74,11,2018,11150.323751,30
75,11,2018,34236.868862,30
76,11,2018,46922.578368,30
78,11,2018,51701.589276,30
79,11,2018,187157.063951,30
80,11,2018,33917.664605,30
81,11,2018,721020.031301,30
82,11,2018,97675.530081,30
83,11,2018,44692.323856,30
84,11,2018,51421.728981,30
85,11,2018,583730.574578,30
86,11,2018,142789.473457,30
87,11,2018,37142.120856,30
88,11,2018,2657.041332,25
89,11,2018,3860.105535,28
90,11,2018,4239147.341758,30
91,11,2018,35946.328829,30
92,11,2018,111251.627554,30
93,11,2018,13364.296385,30
94,11,2018,45666.31411,30
95,11,2018,98769.627675,30
96,11,2018,80432.800048,30
97,11,2018,955015.199814,30
1,12,2018,14238070.693483999,31
2,12,2018,1726899.159511,31
3,12,2018,4458728.300349,31
4,12,2018,152393.001486,31
5,12,2018,1639206.768328,31
6,12,2018,280906.843457,31
7,12,2018,1855735.77213,31
8,12,2018,2737473.408417,31
9,12,2018,152198.992778,31
10,12,2018,131333.552921,31
11,12,2018,33304.474478000004,31
12,12,2018,777145.812602,31
13,12,2018,96231.916429,31
14,12,2018,212371.605575,31
15,12,2018,82025.735249,31
16,12,2018,196660.611943,31
17,12,2018,124514.383068,31
18,12,2018,258909.049185,31
19,12,2018,116869.835119,31
20,12,2018,828097.827843,31
21,12,2018,25910.332417999998,31
22,12,2018,33980.63287,31
23,12,2018,210570.88241,31
24,12,2018,227041.486784,31
25,12,2018,3818806.703135,31
26,12,2018,2221860.904658,31
27,12,2018,1120719.674443,31
28,12,2018,24174.758576,31
29,12,2018,145138.723296,31
30,12,2018,1197728.525256,31
31,12,2018,81163.663996,31
32,12,2018,21741.166267,31
33,12,2018,208090.269924,31
34,12,2018,1017079.446215,31
35,12,2018,152236.107738,31
36,12,2018,43448.383953,31
37,12,2018,1132751.44501,31
38,12,2018,32630.247907,31
39,12,2018,137336.235766,31
40,12,2018,1743914.68666,31
41,12,2018,1826822.043854,31
42,12,2018,1149528.67683,31
43,12,2018,1599522.201905,31
44,12,2018,1209666.126911,31
45,12,2018,24991.837012,31
46,12,2018,101778.009373,31
47,12,2018,102078.879322,31
49,12,2018,83761.23669599999,31
50,12,2018,138237.351564,31
51,12,2018,5291.720931999999,31
52,12,2018,8516.393234,25
53,12,2018,1061.897835,6
54,12,2018,84884.539864,31
55,12,2018,2534.2679200000002,13
56,12,2018,490.741462,6
58,12,2018,78.38,1
59,12,2018,502.460514,6
60,12,2018,1338.001932,10
62,12,2018,594.771127,6
63,12,2018,311.612069,2
64,12,2018,834.333762,10
65,12,2018,204.113108,2
66,12,2018,304.030218,3
67,12,2018,391.56859099999997,3
68,12,2018,23027.251777,31
69,12,2018,449296.924896,31
70,12,2018,36533.036265,31
71,12,2018,186763.087409,31
72,12,2018,15979.750411,31
73,12,2018,1943604.099973,31
74,12,2018,9438.452299,31
75,12,2018,26826.357598,31
76,12,2018,41447.157847,31
77,12,2018,140.475,1
78,12,2018,56245.406634,31
79,12,2018,200584.34666,31
80,12,2018,31141.726692,31
81,12,2018,748436.822313,31
82,12,2018,62624.205649,31
83,12,2018,26344.976855,31
84,12,2018,48061.741421,31
85,12,2018,488740.742111,31
86,12,2018,143243.38725,31
87,12,2018,30334.277579999998,31
88,12,2018,2407.430546,22
89,12,2018,5419.618201,30
90,12,2018,4360553.680933,31
91,12,2018,29728.50132,31
92,12,2018,121162.656402,31
93,12,2018,11358.928022,31
94,12,2018,37804.96922,31
95,12,2018,91400.047968,31
96,12,2018,62771.356439,31
97,12,2018,933951.221965,31
1,1,2019,13507674.266993,31
2,1,2019,963591.462809,31
3,1,2019,4499616.770955,31
4,1,2019,131581.043892,31
5,1,2019,1372260.0889029999,31
6,1,2019,223173.986231,31
7,1,2019,1728538.465526,31
8,1,2019,2360992.125042,31
9,1,2019,122749.558788,31
10,1,2019,94835.995202,31
11,1,2019,24011.425634,31
12,1,2019,687012.126415,31
13,1,2019,72788.593023,31
14,1,2019,154139.407703,31
15,1,2019,87463.74223,31
16,1,2019,174650.176485,31
17,1,2019,88456.556044,31
18,1,2019,242911.636833,31
19,1,2019,154188.070765,31
20,1,2019,674335.24522,31
21,1,2019,23119.713888,31
22,1,2019,31208.011590000002,31
23,1,2019,217566.34915300002,31
24,1,2019,275781.532141,31
25,1,2019,3777613.777638,31
26,1,2019,1699568.655129,31
27,1,2019,860975.460866,31
28,1,2019,24690.857417,31
29,1,2019,171602.112932,31
30,1,2019,1105124.76296,31
31,1,2019,97603.270037,31
32,1,2019,28225.692424,31
33,1,2019,152074.346772,31
34,1,2019,928493.02971,31
35,1,2019,155339.53101500002,31
36,1,2019,36949.214756,31
37,1,2019,1088617.428668,31
38,1,2019,29122.869052000002,31
39,1,2019,154467.480755,31
40,1,2019,1432535.444118,31
41,1,2019,1786625.526041,31
42,1,2019,893685.299075,31
43,1,2019,1814233.7347270001,31
44,1,2019,944348.35772,31
45,1,2019,14505.467839,31
46,1,2019,102417.175553,31
47,1,2019,82409.185255,31
49,1,2019,57709.378134,31
50,1,2019,108858.853295,31
51,1,2019,4833.749779,30
52,1,2019,4691.483213,25
53,1,2019,564.609235,5
54,1,2019,75157.005617,31
55,1,2019,3866.717029,27
56,1,2019,469.389638,6
58,1,2019,317.506255,3
59,1,2019,858.593014,8
60,1,2019,1255.264069,14
61,1,2019,80.080541,1
62,1,2019,168.234547,2
63,1,2019,92,1
64,1,2019,3023.164969,23
65,1,2019,532.999233,6
66,1,2019,675.078319,8
67,1,2019,1092.222175,12
68,1,2019,20560.791161,31
69,1,2019,361750.395867,31
70,1,2019,41945.697914000004,31
71,1,2019,136138.351473,31
72,1,2019,20421.59396,31
73,1,2019,1793153.115011,31
74,1,2019,7809.282734,31
75,1,2019,30284.098088,31
76,1,2019,31762.169675,31
78,1,2019,48331.935645,31
79,1,2019,163397.161396,31
80,1,2019,31870.570108,31
81,1,2019,543675.284709,31
82,1,2019,98001.764332,31
83,1,2019,42833.139101,31
84,1,2019,41507.28246,31
85,1,2019,535789.212136,31
86,1,2019,135952.206903,31
87,1,2019,29817.122812,31
88,1,2019,2181.853898,23
89,1,2019,2644.556148,29
90,1,2019,4573544.712991999,31
91,1,2019,28007.62603,31
92,1,2019,133298.850324,31
93,1,2019,5145.4124870000005,28
94,1,2019,33058.322296,31
95,1,2019,63536.590265,31
96,1,2019,58902.673128,31
97,1,2019,948459.513708,31
1,2,2019,11859509.873689,28
2,2,2019,879645.942807,28
3,2,2019,4455011.999506,28
4,2,2019,143598.260515,28
5,2,2019,1284068.982068,28
6,2,2019,202364.290331,28
7,2,2019,1728076.687496,28
8,2,2019,2363263.434914,28
9,2,2019,153172.509165,28
10,2,2019,94380.365922,28
11,2,2019,24080.465348,28
12,2,2019,692943.5982530001,28
13,2,2019,68823.94262,28
14,2,2019,134863.02223,28
15,2,2019,66153.249459,28
16,2,2019,166813.036573,28
17,2,2019,59022.801261,28
18,2,2019,209135.934075,28
19,2,2019,123879.28049599999,28
20,2,2019,622432.235782,28
21,2,2019,24961.875538,28
22,2,2019,33154.479541,28
23,2,2019,187923.021562,28
24,2,2019,250854.160056,28
25,2,2019,3635221.858347,28
26,2,2019,1730246.073481,28
27,2,2019,748616.468627,28
28,2,2019,28001.052592,28
29,2,2019,138008.909045,28
30,2,2019,998323.676222,28
31,2,2019,112685.817095,28
32,2,2019,19213.623022,28
33,2,2019,172759.14703,28
34,2,2019,898698.550928,28
35,2,2019,148569.71447,28
36,2,2019,33915.402026,28
37,2,2019,1118302.333794,28
38,2,2019,28401.653186,28
39,2,2019,151308.722184,28
40,2,2019,1294090.647557,28
41,2,2019,1671997.396415,28
42,2,2019,841066.662682,28
43,2,2019,1472707.973734,28
44,2,2019,1010558.715689,28
45,2,2019,16807.399999,28
46,2,2019,148286.302936,28
47,2,2019,86149.714915,28
49,2,2019,63770.393644,28
50,2,2019,106773.700656,28
51,2,2019,10229.050409,27
52,2,2019,4595.232564,23
53,2,2019,244.23105099999998,2
54,2,2019,53414.620035,28
55,2,2019,3126.520448,23
56,2,2019,162.281966,2
57,2,2019,46.782178,1
58,2,2019,124.416667,1
59,2,2019,916.543366,8
60,2,2019,1092.648035,9
61,2,2019,88.892857,1
62,2,2019,263.935,3
64,2,2019,1891.908199,20
65,2,2019,41.080808,1
66,2,2019,802.663309,9
67,2,2019,616.929778,7
68,2,2019,14461.808186,28
69,2,2019,479208.750373,28
70,2,2019,35606.501052,28
71,2,2019,133280.91058,28
72,2,2019,16644.302974,28
73,2,2019,1678998.210158,28
74,2,2019,4556.177682,27
75,2,2019,18960.155952,28
76,2,2019,28979.783158,28
78,2,2019,36094.644532,28
79,2,2019,173018.289319,28
80,2,2019,30314.344012,28
81,2,2019,477121.623214,28
82,2,2019,88380.280373,28
83,2,2019,44927.486163,28
84,2,2019,28775.553583,28
85,2,2019,540406.270949,28
86,2,2019,123119.78175,28
87,2,2019,24577.178466,28
88,2,2019,3534.852981,23
89,2,2019,1991.686883,24
90,2,2019,3708345.044408,28
91,2,2019,24299.830279,28
92,2,2019,156969.225109,28
93,2,2019,4752.249339,24
94,2,2019,35176.121557,28
95,2,2019,62865.463448,28
96,2,2019,49807.349899,28
97,2,2019,862081.980859,28
1,3,2019,14835562.32729,31
2,3,2019,1760218.017129,31
3,3,2019,5155092.984597,31
4,3,2019,282383.597338,31
5,3,2019,1961966.936838,31
6,3,2019,461036.480762,31
7,3,2019,2957435.397278,31
8,3,2019,2895454.129221,31
9,3,2019,344606.999332,31
10,3,2019,149194.008508,31
11,3,2019,85381.099328,31
12,3,2019,892582.777971,31
13,3,2019,194414.397524,31
14,3,2019,186054.201173,31
15,3,2019,67589.590622,31
16,3,2019,322048.957562,31
17,3,2019,104193.873097,31
18,3,2019,271429.838377,31
19,3,2019,122090.961186,31
20,3,2019,743231.921612,31
21,3,2019,68489.015877,31
22,3,2019,118902.245488,31
23,3,2019,228116.812889,31
24,3,2019,260786.4774,31
25,3,2019,4546319.188359,31
26,3,2019,2131625.984919,31
27,3,2019,1085302.007536,31
28,3,2019,116948.172804,31
29,3,2019,193397.404291,31
30,3,2019,1131294.12514,31
31,3,2019,303127.065004,31
32,3,2019,37067.157549,31
33,3,2019,266850.791614,31
34,3,2019,1207908.656794,31
35,3,2019,198058.84928,31
36,3,2019,86504.812199,31
37,3,2019,1323719.351429,31
38,3,2019,53862.915454,31
39,3,2019,217734.789542,31
40,3,2019,1752061.868985,31
41,3,2019,1957300.638644,31
42,3,2019,1089256.617533,31
43,3,2019,1794862.399131,31
44,3,2019,1422426.301142,31
45,3,2019,40280.196218,31
46,3,2019,193405.205907,31
47,3,2019,144943.649299,31
49,3,2019,180780.947959,31
50,3,2019,115699.867075,31
51,3,2019,7121.780941,31
52,3,2019,6565.255215,25
53,3,2019,912.005814,8
54,3,2019,73881.128021,31
55,3,2019,1396.8039489999999,12
58,3,2019,113.138889,2
59,3,2019,129.923621,2
60,3,2019,2581.525744,20
64,3,2019,1966.296594,14
65,3,2019,97,1
66,3,2019,228.388598,3
67,3,2019,104.30897,2
68,3,2019,17270.683873,31
69,3,2019,643496.722275,31
70,3,2019,50916.820345,31
71,3,2019,178614.972683,31
72,3,2019,16837.210757,31
73,3,2019,1943704.669549,31
74,3,2019,5107.262423,31
75,3,2019,23934.772,31
76,3,2019,36579.602356,31
78,3,2019,56344.158816,31
79,3,2019,228387.490759,31
80,3,2019,34094.16708,31
81,3,2019,785676.579744,31
82,3,2019,105276.865383,31
83,3,2019,53949.284593,31
84,3,2019,67866.778274,31
85,3,2019,652249.782986,31
86,3,2019,152365.645008,31
87,3,2019,37450.620702,31
88,3,2019,3930.314371,29
89,3,2019,4671.979796,30
90,3,2019,4389326.890938,31
91,3,2019,30769.238502,31
92,3,2019,184008.751329,31
93,3,2019,7355.109722,31
94,3,2019,40218.770027,31
95,3,2019,80135.707735,31
96,3,2019,78521.781577,31
97,3,2019,973431.14992,31
1,4,2019,14561019.201852,30
2,4,2019,1593131.110163,30
3,4,2019,4820519.995404,30
4,4,2019,397287.820906,30
5,4,2019,1852843.322216,30
6,4,2019,482841.457514,30
7,4,2019,3002159.631037,30
8,4,2019,3042101.750037,30
9,4,2019,556893.115829,30
10,4,2019,138342.312922,30
11,4,2019,144979.146436,30
12,4,2019,941937.523303,30
13,4,2019,239560.18049,30
14,4,2019,343314.150935,30
15,4,2019,84226.861456,30
16,4,2019,395793.338272,30
17,4,2019,135232.109795,30
18,4,2019,305759.882759,30
19,4,2019,178188.956463,30
20,4,2019,765445.647307,30
21,4,2019,102748.331374,30
22,4,2019,182945.239408,30
23,4,2019,231205.728602,30
24,4,2019,141818.631761,30
25,4,2019,4423595.173245,30
26,4,2019,2162661.721622,30
27,4,2019,1178140.376973,30
28,4,2019,191327.756926,30
29,4,2019,186589.378467,30
30,4,2019,1226201.216525,30
31,4,2019,454922.915225,30
32,4,2019,42222.505151,30
33,4,2019,208893.136874,30
34,4,2019,1299551.387857,30
35,4,2019,324304.751213,30
36,4,2019,140654.323633,30
37,4,2019,1295665.105852,30
38,4,2019,89619.876342,30
39,4,2019,216028.856831,30
40,4,2019,1695026.294927,30
41,4,2019,2068056.666137,30
42,4,2019,1060109.363239,30
43,4,2019,1924386.098692,30
44,4,2019,1408342.205375,30
45,4,2019,54515.190389,30
46,4,2019,176639.754753,30
47,4,2019,115963.34013,30
49,4,2019,222839.184649,30
50,4,2019,143869.844085,30
51,4,2019,7981.212708,30
52,4,2019,11444.849877,29
53,4,2019,1162.751658,11
54,4,2019,79027.867496,30
55,4,2019,1558.934684,10
56,4,2019,115,1
59,4,2019,2323.638126,15
60,4,2019,1190.47409,12
62,4,2019,318.150638,4
64,4,2019,3150.698919,12
65,4,2019,2657.645861,12
66,4,2019,2240.786677,12
67,4,2019,1248.503674,9
68,4,2019,17932.908343,30
69,4,2019,605386.248371,30
70,4,2019,48467.241923,30
71,4,2019,201907.364908,30
72,4,2019,20687.779306,30
73,4,2019,1932412.75949,30
74,4,2019,5483.363396,30
75,4,2019,31496.254691,30
76,4,2019,34948.348387,30
78,4,2019,57610.40296,30
79,4,2019,205935.543948,30
80,4,2019,36460.255344,30
81,4,2019,874388.264403,30
82,4,2019,118828.274957,30
83,4,2019,51528.671536,30
84,4,2019,58027.722263,30
85,4,2019,629402.613865,30
86,4,2019,145867.441392,30
87,4,2019,36534.038335,30
88,4,2019,4567.553271,29
89,4,2019,5033.74488,30
90,4,2019,4942145.378773,30
91,4,2019,32948.574894,30
92,4,2019,172902.015327,30
93,4,2019,7671.856396,30
94,4,2019,26494.486529,30
95,4,2019,83360.662947,30
96,4,2019,68251.4291,30
97,4,2019,907487.4651629999,30
1,5,2019,14746105.455153,31
2,5,2019,1460288.652591,31
3,5,2019,5287730.713993,31
4,5,2019,334830.22987,31
5,5,2019,1666024.848272,31
6,5,2019,450113.78085,31
7,5,2019,3215582.302577,31
8,5,2019,2823397.837893,31
9,5,2019,515816.34189,31
10,5,2019,209039.430569,31
11,5,2019,133943.774915,31
12,5,2019,1050005.157193,31
13,5,2019,283378.821903,31
14,5,2019,400731.920154,31
15,5,2019,81061.707232,31
16,5,2019,449073.813973,31
17,5,2019,158863.236958,31
18,5,2019,389679.972146,31
19,5,2019,498829.060838,31
20,5,2019,689941.700286,31
21,5,2019,103405.324322,31
22,5,2019,123153.399068,31
23,5,2019,350548.49659,31
24,5,2019,331683.259779,31
25,5,2019,4348877.361247,31
26,5,2019,2087727.482786,31
27,5,2019,1113340.616388,31
28,5,2019,149234.642013,31
29,5,2019,239829.791918,31
30,5,2019,1335774.316705,31
31,5,2019,279588.322646,31
32,5,2019,103191.6812,31
33,5,2019,156091.646017,31
34,5,2019,1565661.091539,31
35,5,2019,459418.722244,31
36,5,2019,171037.777116,31
37,5,2019,1173150.439664,31
38,5,2019,150689.541763,31
39,5,2019,215002.807335,31
40,5,2019,1609864.151817,31
41,5,2019,2037782.592634,31
42,5,2019,1063868.725792,31
43,5,2019,2094639.357951,31
44,5,2019,1331608.479839,31
45,5,2019,126916.017334,31
46,5,2019,161906.813056,31
47,5,2019,88355.968109,31
49,5,2019,236976.638578,31
50,5,2019,217078.549485,31
51,5,2019,6583.891028,30
52,5,2019,8261.408869,30
53,5,2019,3185.439243,20
54,5,2019,82341.124682,31
55,5,2019,8543.729069,30
56,5,2019,13520.56709,22
57,5,2019,5120.874704,18
58,5,2019,780.951015,8
59,5,2019,18620.28732,30
60,5,2019,815.361454,11
61,5,2019,5057.71436,18
62,5,2019,3583.50159,25
63,5,2019,2412.300807,8
64,5,2019,13872.784693,30
65,5,2019,18516.540537,30
66,5,2019,11089.133966,30
67,5,2019,14616.554506,30
68,5,2019,21222.6237,31
69,5,2019,554590.051309,31
70,5,2019,51485.522616,31
71,5,2019,289716.451442,31
72,5,2019,13658.027144,31
73,5,2019,1720368.86226,31
74,5,2019,7646.385123,31
75,5,2019,30858.735876,31
76,5,2019,38336.056746,31
78,5,2019,56081.771339,31
79,5,2019,201977.834637,31
80,5,2019,31252.788844,31
81,5,2019,573826.498594,31
82,5,2019,111478.148221,31
83,5,2019,44381.026964,31
84,5,2019,60123.791909,31
85,5,2019,677650.6023660001,31
86,5,2019,140981.353686,31
87,5,2019,28291.673205,31
88,5,2019,3994.93489,30
89,5,2019,3739.303672,30
90,5,2019,5306031.876157,31
91,5,2019,32750.191298,31
92,5,2019,125161.285173,31
93,5,2019,10382.064232,31
94,5,2019,49689.652056,31
95,5,2019,82574.141915,31
96,5,2019,60437.93805,31
97,5,2019,845218.509725,31
1,6,2019,15025701.891509,30
2,6,2019,2055069.688967,30
3,6,2019,5561501.266999,30
4,6,2019,320586.195512,30
5,6,2019,1726869.817228,30
6,6,2019,532972.545127,30
7,6,2019,3272901.125519,30
8,6,2019,2935964.521377,30
9,6,2019,469552.455715,30
10,6,2019,410151.331728,30
11,6,2019,112697.51887,30
12,6,2019,1094001.363538,30
13,6,2019,306908.216488,30
14,6,2019,516062.160676,30
15,6,2019,91953.456352,30
16,6,2019,528904.950483,30
17,6,2019,181397.687071,30
18,6,2019,494906.829101,30
19,6,2019,918991.534949,30
20,6,2019,857596.699204,30
21,6,2019,86039.083207,30
22,6,2019,119436.932177,30
23,6,2019,479372.48329299997,30
24,6,2019,621838.874079,30
25,6,2019,4518213.349081,30
26,6,2019,2160633.585386,30
27,6,2019,1191824.323222,30
28,6,2019,118438.625707,30
29,6,2019,272352.555377,30
30,6,2019,1570330.278065,30
31,6,2019,328531.733721,30
32,6,2019,240140.976355,30
33,6,2019,95550.506346,30
34,6,2019,1359991.503067,30
35,6,2019,432888.790478,30
36,6,2019,192905.126878,30
37,6,2019,1125522.16035,30
38,6,2019,186050.440579,30
39,6,2019,211768.858111,30
40,6,2019,1653538.553682,30
41,6,2019,2123690.207141,30
42,6,2019,1239081.64032,30
43,6,2019,2371612.910991,30
44,6,2019,1497955.404129,30
45,6,2019,324368.083428,30
46,6,2019,130465.180061,30
47,6,2019,64079.099737,30
49,6,2019,229869.580406,30
50,6,2019,289142.882224,30
51,6,2019,4840.315074,29
52,6,2019,9553.658104,29
53,6,2019,2089.09722,13
54,6,2019,75706.695464,30
55,6,2019,15870.902691,30
56,6,2019,28272.31332,30
57,6,2019,8778.217408,30
58,6,2019,1780.503508,17
59,6,2019,34850.332041,30
60,6,2019,139.365962,2
61,6,2019,10625.350921,30
62,6,2019,7709.229367,29
63,6,2019,10210.560494,29
64,6,2019,17230.676288,29
65,6,2019,22278.573948,29
66,6,2019,14957.649202,30
67,6,2019,29674.861849,30
68,6,2019,19507.492191,30
69,6,2019,521288.255028,30
70,6,2019,61175.306633,30
71,6,2019,327586.37173199997,30
72,6,2019,10532.201672,30
73,6,2019,1998674.669427,30
74,6,2019,12096.664021,30
75,6,2019,22373.815582,30
76,6,2019,38085.900614,30
77,6,2019,35.200913,1
78,6,2019,75730.309689,30
79,6,2019,211510.84396,30
80,6,2019,34560.803982,30
81,6,2019,775797.467619,30
82,6,2019,116894.4033,30
83,6,2019,41387.509247,30
84,6,2019,79814.635088,30
85,6,2019,701057.352905,30
86,6,2019,143188.128465,30
87,6,2019,21113.435457,30
88,6,2019,3248.433166,25
89,6,2019,2554.090395,27
90,6,2019,5597356.968059,30
91,6,2019,35807.182769,30
92,6,2019,75291.853083,30
93,6,2019,6091.877072,30
94,6,2019,63383.652208,30
95,6,2019,88784.034309,30
96,6,2019,68369.971338,30
97,6,2019,909853.943492,30
1,7,2019,15077899.505627,31
2,7,2019,2407243.967885,31
3,7,2019,6008507.135217,31
4,7,2019,293261.274778,31
5,7,2019,1855549.26566,31
6,7,2019,524293.133841,31
7,7,2019,3341851.497425,31
8,7,2019,2879621.414268,31
9,7,2019,468242.683729,31
10,7,2019,621080.695656,31
11,7,2019,87129.907177,31
12,7,2019,1072203.411184,31
13,7,2019,318548.876283,31
14,7,2019,596297.182762,31
15,7,2019,97150.540703,31
16,7,2019,551310.676648,31
17,7,2019,179882.303026,31
18,7,2019,768980.174921,31
19,7,2019,1061271.229633,31
20,7,2019,981459.347623,31
21,7,2019,67865.196275,31
22,7,2019,91599.106667,31
23,7,2019,644337.714261,31
24,7,2019,780462.289489,31
25,7,2019,4264230.540704,31
26,7,2019,2596101.353419,31
27,7,2019,1257797.999126,31
28,7,2019,76814.499258,31
29,7,2019,327443.273395,31
30,7,2019,1495823.536021,31
31,7,2019,280953.705102,31
32,7,2019,421553.780659,31
33,7,2019,85699.81043499999,31
34,7,2019,1252935.292603,31
35,7,2019,453239.84893,31
36,7,2019,189427.34916,31
37,7,2019,1134627.363973,31
38,7,2019,246503.284531,31
39,7,2019,235034.030207,31
40,7,2019,1631004.513138,31
41,7,2019,2133562.962719,31
42,7,2019,1423611.026032,31
43,7,2019,2052668.921883,31
44,7,2019,1550538.082192,31
45,7,2019,401356.217649,31
46,7,2019,112448.468203,31
47,7,2019,72258.755454,31
49,7,2019,211244.929201,31
50,7,2019,526957.843045,31
51,7,2019,8066.45626,31
52,7,2019,9540.74228,30
53,7,2019,1728.98649,15
54,7,2019,85203.845365,31
55,7,2019,15410.065907,31
56,7,2019,31537.771371,31
57,7,2019,9341.115289,31
58,7,2019,1071.279009,10
59,7,2019,42303.310201,31
60,7,2019,7414.487977,25
61,7,2019,9137.42435,31
62,7,2019,8469.505258000001,29
63,7,2019,11393.287718,31
64,7,2019,20469.784156,31
65,7,2019,24532.465874,31
66,7,2019,19053.563009,31
67,7,2019,37730.444822,31
68,7,2019,26482.278987,31
69,7,2019,516209.96736999997,31
70,7,2019,64113.067497000004,31
71,7,2019,358938.625964,31
72,7,2019,10943.933879,31
73,7,2019,1851719.742734,31
74,7,2019,19986.287138,31
75,7,2019,18590.537335,31
76,7,2019,39377.371369,31
78,7,2019,86131.134621,31
79,7,2019,188514.926951,31
80,7,2019,30267.105316,31
81,7,2019,818853.940058,31
82,7,2019,105630.941285,31
83,7,2019,37306.11805,31
84,7,2019,100950.150391,31
85,7,2019,759908.990139,31
86,7,2019,141464.607481,31
87,7,2019,18110.499417,31
88,7,2019,3502.234871,23
89,7,2019,2166.806489,24
90,7,2019,5512743.003835,31
91,7,2019,28416.982397,31
92,7,2019,79236.532602,31
93,7,2019,6160.63431,30
94,7,2019,101267.370856,31
95,7,2019,89453.13839000001,31
96,7,2019,66227.332455,31
97,7,2019,876848.183141,31
1,8,2019,14376582.18265,31
2,8,2019,1668874.474616,31
3,8,2019,5072495.003631,31
4,8,2019,222723.088471,31
5,8,2019,1475995.141875,31
6,8,2019,365875.518899,31
7,8,2019,2319640.893359,31
8,8,2019,2536652.622012,31
9,8,2019,349229.229664,31
10,8,2019,455379.580449,31
11,8,2019,48216.748153,31
12,8,2019,992692.117988,31
13,8,2019,220179.18523499998,31
14,8,2019,489357.435989,31
15,8,2019,96191.548221,31
16,8,2019,409861.880921,31
17,8,2019,162011.665268,31
18,8,2019,776314.494658,31
19,8,2019,823198.408527,31
20,8,2019,858344.453505,31
21,8,2019,38625.961032,31
22,8,2019,58425.158062,31
23,8,2019,626893.630154,31
24,8,2019,622260.063222,31
25,8,2019,4172842.88827,31
26,8,2019,2633625.682497,31
27,8,2019,1164891.645474,31
28,8,2019,43115.965432,31
29,8,2019,335031.601866,31
30,8,2019,1579703.94634,31
31,8,2019,180813.705033,31
32,8,2019,343081.430617,31
33,8,2019,79429.834336,31
34,8,2019,1526979.107074,31
35,8,2019,403807.531658,31
36,8,2019,125447.864131,31
37,8,2019,1042908.392629,31
38,8,2019,219312.447287,31
39,8,2019,201864.081333,31
40,8,2019,1544083.829723,31
41,8,2019,2100114.41723,31
42,8,2019,1165311.850391,31
43,8,2019,1921743.281646,31
44,8,2019,1341823.523335,31
45,8,2019,272420.060486,31
46,8,2019,76667.758355,31
47,8,2019,52621.853654,31
49,8,2019,138730.572891,31
50,8,2019,458072.070353,31
51,8,2019,5585.911429,30
52,8,2019,7757.249833,28
53,8,2019,1932.240614,16
54,8,2019,79149.812725,31
55,8,2019,13854.000931999999,30
56,8,2019,27630.54117,31
57,8,2019,7521.826658,28
58,8,2019,1021.685131,9
59,8,2019,31499.924776,31
60,8,2019,8186.212756,31
61,8,2019,6730.804661,27
62,8,2019,7251.248292,31
63,8,2019,9306.007183,31
64,8,2019,17046.306961,31
65,8,2019,22546.027953,31
66,8,2019,14362.865794,31
67,8,2019,25615.755611,31
68,8,2019,14541.070248,30
69,8,2019,409359.629664,31
70,8,2019,65677.013291,31
71,8,2019,352387.826991,31
72,8,2019,6090.962007,31
73,8,2019,1787966.750002,31
74,8,2019,15468.347421,31
75,8,2019,12008.350323999999,31
76,8,2019,38594.345946,31
78,8,2019,78872.634792,31
79,8,2019,159446.98829100002,31
80,8,2019,20062.273999,31
81,8,2019,582397.18353,31
82,8,2019,44989.437656,31
83,8,2019,21632.572825,31
84,8,2019,100726.197351,31
85,8,2019,717437.26936,31
86,8,2019,145455.46999,31
87,8,2019,14195.30899,31
88,8,2019,1733.06221,18
89,8,2019,1874.4509189999999,21
90,8,2019,4661408.482432,31
91,8,2019,28148.033374,31
92,8,2019,82930.945733,31
93,8,2019,5613.821393,23
94,8,2019,106247.64296,31
95,8,2019,91172.939784,31
96,8,2019,54172.827132,31
97,8,2019,892241.167707,31
1,9,2019,13393218.463425,30
2,9,2019,1348547.368408,30
3,9,2019,4207547.287414,30
4,9,2019,164118.243489,30
5,9,2019,1306575.668976,30
6,9,2019,366144.827725,30
7,9,2019,1861733.515834,30
8,9,2019,2275628.347013,30
9,9,2019,269977.229092,30
10,9,2019,410054.270446,30
11,9,2019,42995.34507,30
12,9,2019,869175.72931,30
13,9,2019,237913.742721,30
14,9,2019,373997.88692,30
15,9,2019,69710.288759,30
16,9,2019,362028.586297,30
17,9,2019,118268.102662,30
18,9,2019,421122.383638,30
19,9,2019,589074.879288,30
20,9,2019,661004.704466,30
21,9,2019,34200.524614,30
22,9,2019,39308.782526,30
23,9,2019,460043.226082,30
24,9,2019,481485.44125,30
25,9,2019,3900660.8251320003,30
26,9,2019,1954838.757101,30
27,9,2019,968015.4429210001,30
28,9,2019,39478.795442,30
29,9,2019,277728.190989,30
30,9,2019,1407388.851815,30
31,9,2019,123243.860035,30
32,9,2019,207420.576248,30
33,9,2019,86826.552079,30
34,9,2019,1506401.389105,30
35,9,2019,218152.871267,30
36,9,2019,143559.861134,30
37,9,2019,991760.697284,30
38,9,2019,129413.20435300001,30
39,9,2019,186503.39501,30
40,9,2019,1466940.576881,30
41,9,2019,1716127.458283,30
42,9,2019,909116.796341,30
43,9,2019,1522101.040439,30
44,9,2019,1191678.185113,30
45,9,2019,147815.24976,30
46,9,2019,60186.881509,30
47,9,2019,61727.5006,30
49,9,2019,141911.409073,30
50,9,2019,247990.728354,30
51,9,2019,4498.220717,30
52,9,2019,9223.965111,29
53,9,2019,1742.194712,12
54,9,2019,66723.197065,30
55,9,2019,9083.346836,27
56,9,2019,16164.529801,30
57,9,2019,5807.193747,27
58,9,2019,713.835295,8
59,9,2019,20715.0043,30
60,9,2019,3761.961116,21
61,9,2019,5021.839419,26
62,9,2019,4088.557329,22
63,9,2019,7189.425454,24
64,9,2019,14700.363499,29
65,9,2019,17284.630176,30
66,9,2019,13890.317882,29
67,9,2019,14711.378717,28
68,9,2019,9022.913107,29
69,9,2019,313202.982828,30
70,9,2019,38153.657539,30
71,9,2019,224416.868113,30
72,9,2019,4606.178724,29
73,9,2019,1602483.113857,30
74,9,2019,9264.196135,30
75,9,2019,8429.160271,29
76,9,2019,35886.1776,30
78,9,2019,60177.806715,30
79,9,2019,132348.596991,30
80,9,2019,17914.995197,30
81,9,2019,401025.170863,30
82,9,2019,39584.594028,30
83,9,2019,13875.04132,29
84,9,2019,60378.577831,30
85,9,2019,621988.398784,30
86,9,2019,134941.787145,30
87,9,2019,12567.320438,29
88,9,2019,2302.115331,20
89,9,2019,1893.199651,23
90,9,2019,4227868.928323,30
91,9,2019,21100.727752,30
92,9,2019,78422.077969,30
93,9,2019,3420.7626609999998,22
94,9,2019,46971.511365,30
95,9,2019,73607.588897,30
96,9,2019,51149.244376,30
97,9,2019,815240.165001,30
1,10,2019,13847775.656312,31
2,10,2019,2077011.704526,31
3,10,2019,4056566.023138,31
4,10,2019,200559.279119,31
5,10,2019,1525642.49479,31
6,10,2019,411475.501427,31
7,10,2019,1893553.843096,31
8,10,2019,2437061.862409,31
9,10,2019,352731.858852,31
10,10,2019,249572.894553,31
11,10,2019,70470.036631,31
12,10,2019,856897.225693,31
13,10,2019,252888.35246999998,31
14,10,2019,343133.769562,31
15,10,2019,59194.666038,31
16,10,2019,366867.953683,31
17,10,2019,105633.417595,31
18,10,2019,376669.871639,31
19,10,2019,276604.575883,31
20,10,2019,641486.405567,31
21,10,2019,53888.4089,31
22,10,2019,67125.516912,31
23,10,2019,413619.88867200003,31
24,10,2019,244599.677754,31
25,10,2019,3555667.963413,31
26,10,2019,2232127.746541,31
27,10,2019,1103340.741098,31
28,10,2019,64768.773077,31
29,10,2019,210519.627578,31
30,10,2019,1250101.547481,31
31,10,2019,190410.807461,31
32,10,2019,51070.562012,31
33,10,2019,136457.049105,31
34,10,2019,1050970.460134,31
35,10,2019,208048.222349,31
36,10,2019,129788.798894,31
37,10,2019,1118573.541266,31
38,10,2019,78500.98422,31
39,10,2019,202695.401123,31
40,10,2019,1660431.0663049999,31
41,10,2019,1859903.599814,31
42,10,2019,980122.766466,31
43,10,2019,1399873.403762,31
44,10,2019,1311861.379041,31
45,10,2019,68896.382937,31
46,10,2019,66812.012865,31
47,10,2019,97518.530306,31
49,10,2019,176133.248983,31
50,10,2019,218933.316981,31
51,10,2019,5988,31
52,10,2019,10730.699328,27
53,10,2019,1229.296754,9
54,10,2019,78212.474803,31
55,10,2019,3204.301567,14
56,10,2019,6551.969097,17
57,10,2019,1403.265835,9
58,10,2019,107.026316,1
59,10,2019,9160.420848,19
60,10,2019,2128.92199,13
61,10,2019,817.68828800000006,5
62,10,2019,1445.540079,9
63,10,2019,2046.757206,10
64,10,2019,4415.440613,20
65,10,2019,8444.272388,23
66,10,2019,3807.255439,16
67,10,2019,5764.11713,19
68,10,2019,6008.083941,23
69,10,2019,391404.987111,31
70,10,2019,21983.332664,29
71,10,2019,265891.195348,31
72,10,2019,7462.061688,30
73,10,2019,1645727.357186,31
74,10,2019,9539.948921,31
75,10,2019,11861.655115,31
76,10,2019,39731.829113,31
78,10,2019,60500.047698,31
79,10,2019,175856.598771,31
80,10,2019,16681.063735,31
81,10,2019,530480.141058,31
82,10,2019,44981.089311,31
83,10,2019,17084.073209000002,31
84,10,2019,67633.263707,31
85,10,2019,378363.836134,31
86,10,2019,130355.18409,31
87,10,2019,22237.87437,31
88,10,2019,3177.339363,18
89,10,2019,4213.115435,29
90,10,2019,4719192.797577,31
91,10,2019,23220.557742,31
92,10,2019,36499.257426,31
93,10,2019,4257.950703,21
94,10,2019,31872.188792,30
95,10,2019,92998.249555,31
96,10,2019,47339.335666,31
97,10,2019,891085.454214,31
1,11,2019,13645569.210953001,30
2,11,2019,1842986.824231,30
3,11,2019,4126192.593239,30
4,11,2019,169094.815004,30
5,11,2019,1542326.922988,30
6,11,2019,303117.525613,30
7,11,2019,1548123.017694,30
8,11,2019,2203871.68423,30
9,11,2019,315493.230672,30
10,11,2019,112125.92314099999,30
11,11,2019,48798.881551,30
12,11,2019,797479.621577,30
13,11,2019,163217.207365,30
14,11,2019,262990.677715,30
15,11,2019,49969.362235,30
16,11,2019,216017.519519,30
17,11,2019,96625.090978,30
18,11,2019,281368.594616,30
19,11,2019,91217.157106,30
20,11,2019,692137.784778,30
21,11,2019,39646.816787,30
22,11,2019,46804.170543,30
23,11,2019,207525.91284900001,30
24,11,2019,134278.720291,30
25,11,2019,3339011.753275,30
26,11,2019,2104960.223578,30
27,11,2019,973603.280473,30
28,11,2019,41317.756163,30
29,11,2019,176628.12637,30
30,11,2019,1082426.644025,30
31,11,2019,147722.307301,30
32,11,2019,25351.336951,30
33,11,2019,181975.244723,30
34,11,2019,909558.57064,30
35,11,2019,152544.173478,30
36,11,2019,55214.031587,30
37,11,2019,1012880.640269,30
38,11,2019,44377.665566,30
39,11,2019,210793.702109,30
40,11,2019,1606237.747693,30
41,11,2019,1637147.632085,30
42,11,2019,924407.21318,30
43,11,2019,1496442.359651,30
44,11,2019,1159438.40671,30
45,11,2019,24839.970254,30
46,11,2019,71957.966636,30
47,11,2019,135805.169727,30
49,11,2019,100004.984495,30
50,11,2019,111435.86341,30
51,11,2019,2598.372558,17
52,11,2019,8767.844652,27
53,11,2019,4548.408564,20
54,11,2019,63502.280883,30
55,11,2019,147.6,1
56,11,2019,99.225806,1
60,11,2019,502.45421899999997,3
61,11,2019,71.346939,1
62,11,2019,88.805556,1
64,11,2019,188.031362,2
65,11,2019,697.3702840000001,3
68,11,2019,9967.980354,29
69,11,2019,393932.774957,30
70,11,2019,15075.905247,29
71,11,2019,178194.667518,30
72,11,2019,7908.172965,29
73,11,2019,1432902.796023,30
74,11,2019,7079.497258,30
75,11,2019,12999.15415,30
76,11,2019,42056.590894,30
78,11,2019,43367.390302,30
79,11,2019,195463.962085,30
80,11,2019,13983.863933,29
81,11,2019,576648.809313,30
82,11,2019,50036.259149,30
83,11,2019,13380.264521000001,28
84,11,2019,45732.673399,30
85,11,2019,346717.486432,30
86,11,2019,120098.54122300001,30
87,11,2019,29132.057367,30
88,11,2019,2102.019332,14
89,11,2019,2117.941066,18
90,11,2019,4458075.136494,30
91,11,2019,21183.033692,30
92,11,2019,39520.941027,30
93,11,2019,7355.017611,27
94,11,2019,35938.856336,30
95,11,2019,76639.988418,30
96,11,2019,40914.406347,30
97,11,2019,776985.709732,30
1,12,2019,12882430.008573,31
2,12,2019,1690201.038964,31
3,12,2019,4216181.807117,31
4,12,2019,124868.583311,31
5,12,2019,1506090.247747,31
6,12,2019,303100.099883,31
7,12,2019,1506569.820814,31
8,12,2019,1990047.210191,31
9,12,2019,244254.611379,31
10,12,2019,104573.001627,31
11,12,2019,21514.044529,31
12,12,2019,806189.7731849999,31
13,12,2019,110919.75676,31
14,12,2019,209910.573297,31
15,12,2019,58516.638381,31
16,12,2019,187091.674856,31
17,12,2019,112668.956013,31
18,12,2019,203254.384178,31
19,12,2019,116345.904652,31
20,12,2019,652482.134017,31
21,12,2019,17825.819769,28
22,12,2019,22018.689582,30
23,12,2019,183640.943382,31
24,12,2019,169136.866079,31
25,12,2019,3103756.716049,31
26,12,2019,2013400.110256,31
27,12,2019,918486.587932,31
28,12,2019,18443.384178,29
29,12,2019,147034.242546,31
30,12,2019,1004973.621226,31
31,12,2019,109232.500954,31
32,12,2019,20452.243931,31
33,12,2019,187674.484491,31
34,12,2019,849247.410169,31
35,12,2019,131294.505529,31
36,12,2019,47235.152558,31
37,12,2019,906744.233022,31
38,12,2019,27407.865571000002,31
39,12,2019,155081.223767,31
40,12,2019,1496395.483735,31
41,12,2019,1546329.747125,31
42,12,2019,906994.748364,31
43,12,2019,1433569.648549,31
44,12,2019,1067498.274617,31
45,12,2019,22645.222558,31
46,12,2019,75298.348432,31
47,12,2019,145481.471722,31
49,12,2019,61066.640941,31
50,12,2019,97075.953606,31
51,12,2019,3430.9019540000004,21
52,12,2019,5513.544658,23
53,12,2019,3617.509133,19
54,12,2019,63371.091312,31
55,12,2019,1687.79205,13
56,12,2019,86.642857,1
59,12,2019,455.247183,3
60,12,2019,951.9667469999999,9
63,12,2019,106.086957,1
64,12,2019,1482.82979,10
65,12,2019,349.079906,3
66,12,2019,324.811616,4
67,12,2019,477.846507,6
68,12,2019,8792.532308,30
69,12,2019,430646.163236,31
70,12,2019,13140.746156,30
71,12,2019,172578.781868,31
72,12,2019,7836.173032,31
73,12,2019,1378910.402511,31
74,12,2019,7444.372558,30
75,12,2019,8803.186518,28
76,12,2019,30410.338779,31
78,12,2019,39946.297744,31
79,12,2019,202155.524675,31
80,12,2019,21366.694336,30
81,12,2019,678696.102629,31
82,12,2019,48385.816123,31
83,12,2019,13490.383743,31
84,12,2019,38386.964406,31
85,12,2019,347083.156403,31
86,12,2019,141819.458314,31
87,12,2019,26774.036639,31
88,12,2019,2233.6935359999998,16
89,12,2019,1967.4638439999999,16
90,12,2019,3922460.602202,31
91,12,2019,17276.794617,31
92,12,2019,58543.082288,31
93,12,2019,4349.802442,25
94,12,2019,35315.844239,31
95,12,2019,75262.960295,31
96,12,2019,34742.777557,31
97,12,2019,731688.000762,31
